value,full_text,display_text,selected
3_1,ISS Aracaju Auditor de Tributos Municipais: Geral,ISS Aracaj... Auditor de Tributos Municipais: Geral,true
3_2,ISS Aracaju Auditor de Tributos Municipais: Tecnologia da Informa,ISS Aracaj... Auditor de Tributos Municipais: Tecnologia da Informa,false
636_1,ISS Araras FISCAL DE TRIBUTAÇÃO,ISS Araras FISCAL DE TRIBUTAÇÃO,false
394_1,ISS Belo Horizonte Agente Fazendário,ISS Belo H... Agente Fazendário,false
80_1,ISS Belo Horizonte Auditor Fiscal de Tributos Municipais,ISS Belo H... Auditor Fiscal de Tributos Municipais,false
53_1,ISS Betim Auditor Fiscal de Tributos Municipais,ISS Betim Auditor Fiscal de Tributos Municipais,false
721_1,ISS Biguaçu FISCAL DE TRIBUTOS MUNICIPAIS II BIGUAÇU,ISS Biguaç... FISCAL DE TRIBUTOS MUNICIPAIS II BIGUAÇU,false
88_1,ISS Blumenau Auditor Fiscal Tributário,ISS Blumen... Auditor Fiscal Tributário,false
31_1,ISS Campina Grande Fiscal de Tributos Municipais,ISS Campin... Fiscal de Tributos Municipais,false
47_2,ISS Campinas Agente Fiscal Tributário,ISS Campin... Agente Fiscal Tributário,false
47_1,ISS Campinas Auditor Fiscal Tribut,ISS Campin... Auditor Fiscal Tribut,false
42_1,ISS Campo Grande Auditor Fiscal da Receita Municipal,ISS Campo ... Auditor Fiscal da Receita Municipal,false
235_1,ISS Campos dos Goytacazes Auditor Fiscal de Tributos Municipais,ISS Campos... Auditor Fiscal de Tributos Municipais,false
162_1,ISS Contagem Agente Fazendário,ISS Contag... Agente Fazendário,false
162_2,ISS Contagem Ana Fazendário,ISS Contag... Ana Fazendário,false
82_1,ISS Contagem Auditor Fiscal / Esp Fiscalização,ISS Contag... Auditor Fiscal / Esp Fiscalização,false
270_1,ISS Corumba / AUDITOR FISCAL DA RECEITA MUNICIPAL,ISS Corumb... / AUDITOR FISCAL DA RECEITA MUNICIPAL,false
424_1,ISS Cotia Auditor Fiscal,ISS Cotia Auditor Fiscal,false
245_1,ISS Criciúma Auditor Fiscal da Receita Municipal,ISS Criciú... Auditor Fiscal da Receita Municipal,false
656_1,ISS Cuiaba AUDITOR FISCAL TRIBUTÁRIO DA RECEITA MUNICIPAL DIREITO/PROCESSO TRIBUTÁRIO,ISS Cuiaba AUDITOR FISCAL TRIBUTÁRIO DA RECEITA MUNICIPAL DIREITO/PROCESSO TRIBUTÁRIO,false
656_2,ISS Cuiaba AUDITOR FISCAL TRIBUTÁRIO DA RECEITA MUNICIPAL GESTÃO TRIBUTÁRIA,ISS Cuiaba AUDITOR FISCAL TRIBUTÁRIO DA RECEITA MUNICIPAL GESTÃO TRIBUTÁRIA,false
656_3,ISS Cuiaba AUDITOR FISCAL TRIBUTÁRIO DA RECEITA MUNICIPAL TECNOLOGIA DA INFORMAÇÃO,ISS Cuiaba AUDITOR FISCAL TRIBUTÁRIO DA RECEITA MUNICIPAL TECNOLOGIA DA INFORMAÇÃO,false
43_1,ISS Curitiba Auditor Fiscal de Tributos Municipais,ISS Curiti... Auditor Fiscal de Tributos Municipais,false
281_1,ISS Diadema Agente Fiscal III / Fiscal de Tributos,ISS Diadem... Agente Fiscal III / Fiscal de Tributos,false
596_1,ISS Divinopolis FISCAL DE RENDAS,ISS Divino... FISCAL DE RENDAS,false
181_1,ISS Dourados Auditor Fiscal de Tributos Municipais,ISS Dourad... Auditor Fiscal de Tributos Municipais,false
609_1,ISS Florianopolis AUDITOR FISCAL DE TRIBUTOS MUNICIPAIS / AUDITORIA E FISCALIZAÇÃO,ISS Floria... AUDITOR FISCAL DE TRIBUTOS MUNICIPAIS / AUDITORIA E FISCALIZAÇÃO,false
609_2,ISS Florianopolis AUDITOR FISCAL DE TRIBUTOS MUNICIPAIS / TECNOLOGIA DA INFORMAÇÃO,ISS Floria... AUDITOR FISCAL DE TRIBUTOS MUNICIPAIS / TECNOLOGIA DA INFORMAÇÃO,false
207_4,ISS Fortaleza Ana / Contabilidade,ISS Fortal... Ana / Contabilidade,false
207_5,ISS Fortaleza Ana Administração,ISS Fortal... Ana Administração,false
207_3,ISS Fortaleza Ana Direito,ISS Fortal... Ana Direito,false
207_6,ISS Fortaleza Ana Fazendário / CiênciasEconômicas,ISS Fortal... Ana Fazendário / CiênciasEconômicas,false
207_2,ISS Fortaleza Ana TI,ISS Fortal... Ana TI,false
207_1,ISS Fortaleza Auditor Fiscal,ISS Fortal... Auditor Fiscal,false
599_1,ISS Francisco Morato AUDITOR FISCAL DE TRIBUTOS MUNICIPAIS,ISS Franci... AUDITOR FISCAL DE TRIBUTOS MUNICIPAIS,false
274_1,ISS Garanhuns Auditor Fiscal,ISS Garanh... Auditor Fiscal,false
58_1,ISS Governador Valadares Auditor Fiscal de Tributos,ISS Govern... Auditor Fiscal de Tributos,false
30_1,ISS Gramado Auditor Tributário,ISS Gramad... Auditor Tributário,false
407_1,ISS GUARUJA Fiscal Municipal,ISS GUARUJ... Fiscal Municipal,false
35_1,ISS Guarulhos Inspetor Fiscal de Rendas VI,ISS Guarul... Inspetor Fiscal de Rendas VI,false
686_1,ISS Imbé RS Auditor Fiscal da Receita Municipal,ISS Imbé R... Auditor Fiscal da Receita Municipal,false
653_1,ISS INDAIATUBA SP 25 AUDITOR FISCAL TRIBUTÁRIO,ISS INDAIA... AUDITOR FISCAL TRIBUTÁRIO,false
45_3,ISS Itajai Assistente Tribut,ISS Itajai Assistente Tribut,false
45_2,ISS Itajai Auditor Fiscal Municipal: Controle Urbano,ISS Itajai Auditor Fiscal Municipal: Controle Urbano,false
45_1,ISS Itajai Auditor Fiscal Municipal: Tributário,ISS Itajai Auditor Fiscal Municipal: Tributário,false
641_1,ISS Itatiba Auditor Fiscal de Rendas Municipais,ISS Itatib... Auditor Fiscal de Rendas Municipais,false
430_1,ISS Jaboatao dos Guararapes Auditor Fiscal Tributário,ISS Jaboat... Auditor Fiscal Tributário,false
748_2,ISS JARINU Controlador Interno,ISS JARINU Controlador Interno,false
748_1,ISS JARINU FISCAL TRIBUTÁRIO,ISS JARINU FISCAL TRIBUTÁRIO,false
275_1,ISS Joinville Auditor Fiscal,ISS Joinvi... Auditor Fiscal,false
735_1,ISS Lagoa Vermelha Auditor Fiscal,ISS Lagoa ... Auditor Fiscal,false
246_1,ISS Londrina Auditor Fiscal de Tributos,ISS Londri... Auditor Fiscal de Tributos,false
422_1,ISS Macaé Auditor Fiscal Tributário,ISS Macaé Auditor Fiscal Tributário,false
13_2,ISS Manaus Auditor Fiscal de Tributos Municipais,ISS Manaus Auditor Fiscal de Tributos Municipais,false
64_1,ISS Marica Fiscal de Tributos,ISS Marica Fiscal de Tributos,false
63_1,ISS Maua Fiscal de Tributos I,ISS Maua Fiscal de Tributos I,false
588_6,ISS Mossoro ANA DE PROCURADORIA – ESP.: CONTABILIDADE,ISS Mossor... ANA DE PROCURADORIA – ESP.: CONTABILIDADE,false
588_7,ISS Mossoro ANA DE PROCURADORIA – ESP.: DIREITO,ISS Mossor... ANA DE PROCURADORIA – ESP.: DIREITO,false
588_1,ISS Mossoro AUDITOR FISCAL DE TRIBUTOS MUNICIPAIS,ISS Mossor... AUDITOR FISCAL DE TRIBUTOS MUNICIPAIS,false
588_2,ISS Mossoro AUDITOR FISCAL DE TRIBUTOS MUNICIPAIS – ESP.: CIÊNCIAS CONTÁBEIS,ISS Mossor... AUDITOR FISCAL DE TRIBUTOS MUNICIPAIS – ESP.: CIÊNCIAS CONTÁBEIS,false
588_3,ISS Mossoro AUDITOR FISCAL DE TRIBUTOS MUNICIPAIS – ESP.: DIREITO,ISS Mossor... AUDITOR FISCAL DE TRIBUTOS MUNICIPAIS – ESP.: DIREITO,false
588_4,ISS Mossoro AUDITOR FISCAL DE TRIBUTOS MUNICIPAIS – ESP.: ENGENHARIA,ISS Mossor... AUDITOR FISCAL DE TRIBUTOS MUNICIPAIS – ESP.: ENGENHARIA,false
588_5,ISS Mossoro AUDITOR FISCAL DE TRIBUTOS MUNICIPAIS – ESP.: TECNOLOGIA DA,ISS Mossor... AUDITOR FISCAL DE TRIBUTOS MUNICIPAIS – ESP.: TECNOLOGIA DA,false
588_8,ISS Mossoro PROCURADOR DO MUNICÍPIO,ISS Mossor... PROCURADOR DO MUNICÍPIO,false
55_1,ISS Muriau Auditor Fiscal,ISS Muriau Auditor Fiscal,false
418_2,ISS Nova Iguaçu Ana Tributário do Tesouro Municipal,ISS Nova I... Ana Tributário do Tesouro Municipal,false
418_1,ISS Nova Iguaçu Auditor Fiscal do Tesouro Municipal,ISS Nova I... Auditor Fiscal do Tesouro Municipal,false
418_3,ISS Nova Iguaçu Contador,ISS Nova I... Contador,false
36_1,ISS Osasco Fiscal Tributário,ISS Osasco Fiscal Tributário,false
59_1,ISS Ouro Branco Auditor Fiscal Tributário,ISS Ouro B... Auditor Fiscal Tributário,false
389_1,ISS Ouro Preto Auditor Fiscal da Receita Municipal,ISS Ouro P... Auditor Fiscal da Receita Municipal,false
429_1,ISS Paraty Fiscal de Tributos,ISS Paraty Fiscal de Tributos,false
83_1,ISS Paulinia Auditor Fiscal,ISS Paulin... Auditor Fiscal,false
722_1,ISS Pereira Barreto Auditor Fiscal de Tributos,ISS Pereir... Auditor Fiscal de Tributos,false
32_1,ISS Petrolina Auditor Fiscal,ISS Petrol... Auditor Fiscal,false
131_1,ISS Pinhais Ana Fiscal de Tributos Municipais,ISS Pinhai... Ana Fiscal de Tributos Municipais,false
156_1,ISS Ponta Grossa Auditor Fiscal,ISS Ponta ... Auditor Fiscal,false
34_1,ISS Porto Alegre Auditor Fiscal da Receita Municipal,ISS Porto ... Auditor Fiscal da Receita Municipal,false
492_1,ISS Porto Alegre 25 Auditor Fiscal da Receita Municipal,ISS Porto ... Auditor Fiscal da Receita Municipal,false
386_2,ISS Ribeirao das Neves AUDITOR FISCAL,ISS Ribeir... AUDITOR FISCAL,false
302_1,ISS Ribeirao Preto Auditor (Fiscal Fazendário),ISS Ribeir... Auditor (Fiscal Fazendário),false
212_1,ISS Rio de Janeiro Fiscal de Rendas,ISS Rio de... Fiscal de Rendas,false
38_1,ISS S.J. Rio Preto Auditor Fiscal Tributário,ISS S.J. R... Auditor Fiscal Tributário,false
39_1,ISS Salvador Ana: Administra,ISS Salvad... Ana: Administra,false
39_2,ISS Salvador Auditor: Administra,ISS Salvad... Auditor: Administra,false
39_3,ISS Salvador Auditor: Tecnologia da Informa,ISS Salvad... Auditor: Tecnologia da Informa,false
251_1,ISS Santa Barbara Fiscal de Rendas,ISS Santa ... Fiscal de Rendas,false
222_1,ISS SANTOS AUDITOR FISCAL DE TRIBUTOS,ISS SANTOS AUDITOR FISCAL DE TRIBUTOS,false
46_1,ISS Santos Auditor Fiscal de Tributos Municipais,ISS Santos Auditor Fiscal de Tributos Municipais,false
303_1,ISS Sao Bernardo do Campo Auditor Fiscal de Rendas Municipais,ISS Sao Be... Auditor Fiscal de Rendas Municipais,false
250_1,ISS Sao Caetano do Sul Auditor Fiscal Tributário,ISS Sao Ca... Auditor Fiscal Tributário,false
241_1,ISS Sao José dos Campos Auditor Tributário Municipal,ISS Sao Jo... Auditor Tributário Municipal,false
44_1,ISS Sao Luis Auditor Fiscal de Tributos,ISS Sao Lu... Auditor Fiscal de Tributos,false
44_2,ISS Sao Luis Auditor Fiscal de Tributos: TI,ISS Sao Lu... Auditor Fiscal de Tributos: TI,false
611_1,ISS SEPLAG Niteroi ANA DE POLÍTICAS PÚBLICAS E GESTÃO GOVERNAMENTAL SEPLAG GESTÃO DE TECNOLOGIA DA INFORMAÇÃO E COMUNICAÇÃO,ISS SEPLAG... ANA DE POLÍTICAS PÚBLICAS E GESTÃO GOVERNAMENTAL SEPLAG GESTÃO DE TECNOLOGIA DA INFORMAÇÃO E COMUNICAÇÃO,false
611_2,ISS SEPLAG Niteroi ANA DE POLÍTICAS PÚBLICAS E GESTÃO GOVERNAMENTAL SEPLAG GESTÃO GOVERNAMENTAL,ISS SEPLAG... ANA DE POLÍTICAS PÚBLICAS E GESTÃO GOVERNAMENTAL SEPLAG GESTÃO GOVERNAMENTAL,false
611_3,ISS SEPLAG Niteroi AUDITOR MUNICIPAL DE CONTROLE INTERNO CGM CIÊNCIAS CONTÁBEIS,ISS SEPLAG... AUDITOR MUNICIPAL DE CONTROLE INTERNO CGM CIÊNCIAS CONTÁBEIS,false
611_4,ISS SEPLAG Niteroi AUDITOR MUNICIPAL DE CONTROLE INTERNO CGM CONTROLE INTERNO,ISS SEPLAG... AUDITOR MUNICIPAL DE CONTROLE INTERNO CGM CONTROLE INTERNO,false
611_5,ISS SEPLAG Niteroi AUDITOR MUNICIPAL DE CONTROLE INTERNO CGM DIREITO,ISS SEPLAG... AUDITOR MUNICIPAL DE CONTROLE INTERNO CGM DIREITO,false
437_1,ISS Serra ES Auditor Fiscal,ISS Serra ... Auditor Fiscal,false
554_1,ISS SERRA NEGRA SP AGENTE DE FISCALIZAÇÃO TRIBUTÁRIA #,ISS SERRA ... AGENTE DE FISCALIZAÇÃO TRIBUTÁRIA #,false
519_1,ISS Sete Lagoas AUDITOR TEC FISCAL DE TRIBUTOS MUNICIPAIS I,ISS Sete L... AUDITOR TEC FISCAL DE TRIBUTOS MUNICIPAIS I,false
747_1,ISS Sinop FISCAL TRIBUTÁRIO,ISS Sinop FISCAL TRIBUTÁRIO,false
54_1,ISS Sobral Auditor Fiscal de Tributos Municipais,ISS Sobral Auditor Fiscal de Tributos Municipais,false
385_1,ISS Sorocaba Auditor Fiscal,ISS Soroca... Auditor Fiscal,false
218_1,ISS SP AFTM: Gestão Tributária,ISS SP AFTM: Gestão Tributária,false
218_2,ISS SP AFTM: Tecnologia da Informação,ISS SP AFTM: Tecnologia da Informação,false
555_1,ISS Suzano AGENTE FISCAL TRIBUTÁRIO,ISS Suzano AGENTE FISCAL TRIBUTÁRIO,false
12_1,ISS Teresina Auditor Fiscal da Receita Municipal,ISS Teresi... Auditor Fiscal da Receita Municipal,false
487_1,ISS Uberaba AUDITOR FISCAL DA RECEITA MUNICIPAL/AUDITOR FISCAL DA RECEITA MUNICIPAL,ISS Uberab... AUDITOR FISCAL DA RECEITA MUNICIPAL/AUDITOR FISCAL DA RECEITA MUNICIPAL,false
37_1,ISS Uberlandia Auditor Fiscal Tributário,ISS Uberla... Auditor Fiscal Tributário,false
650_1,ISS Uberlândia 25 AUDITOR FISCAL TRIBUTÁRIO,ISS Uberlâ... AUDITOR FISCAL TRIBUTÁRIO,false
276_1,ISS Valinhos Auditor Fiscal,ISS Valinh... Auditor Fiscal,false
720_1,ISS Varginha AGENTE FISCAL,ISS Vargin... AGENTE FISCAL,false
720_2,ISS Varginha AUDITOR FISCAL TRIBUTÁRIO,ISS Vargin... AUDITOR FISCAL TRIBUTÁRIO,false
176_2,RFB Ana,RFB Ana,false
176_1,RFB Auditor,RFB Auditor,false
436_1,RFB 09 Auditor Fiscal,RFB 09 Auditor Fiscal,false
435_1,RFB 14 Auditor Fiscal,RFB 14 Auditor Fiscal,false
70_1,SEFA PA Auditor Fiscal de Receitas Estaduais,SEFA PA Auditor Fiscal de Receitas Estaduais,false
70_2,SEFA PA Fiscal de Receitas Estaduais,SEFA PA Fiscal de Receitas Estaduais,false
277_1,SEFAZ AC Auditor da Receita Estadual,SEFAZ AC Auditor da Receita Estadual,false
277_2,SEFAZ AC Contador,SEFAZ AC Contador,false
277_3,SEFAZ AC Especialista da Fazenda Estadual,SEFAZ AC Especialista da Fazenda Estadual,false
277_4,SEFAZ AC Tec da Fazenda Estadua,SEFAZ AC Tec da Fazenda Estadua,false
1_1,SEFAZ AL 19 Auditor de Finanças e Controle,SEFAZ AL 1... Auditor de Finanças e Controle,false
1_2,SEFAZ AL 19 Auditor Fiscal da Receita Estadual,SEFAZ AL 1... Auditor Fiscal da Receita Estadual,false
5_1,SEFAZ AL 21 Auditor de Finanças e Controle,SEFAZ AL 2... Auditor de Finanças e Controle,false
5_2,SEFAZ AL 21 Auditor Fiscal da Receita Estadual,SEFAZ AL 2... Auditor Fiscal da Receita Estadual,false
98_1,SEFAZ AM 22 Ana da Fazenda Estadual,SEFAZ AM 2... Ana da Fazenda Estadual,false
99_1,SEFAZ AM 22 Assistente Administrativo da Fazenda Estadual,SEFAZ AM 2... Assistente Administrativo da Fazenda Estadual,false
97_1,SEFAZ AM 22 AUDITOR DE FINANÇAS E CONTROLE DO TESOURO ESTADUAL,SEFAZ AM 2... AUDITOR DE FINANÇAS E CONTROLE DO TESOURO ESTADUAL,false
97_5,SEFAZ AM 22 AUDITOR FISCAL DE TRIBUTOS ESTADUAIS,SEFAZ AM 2... AUDITOR FISCAL DE TRIBUTOS ESTADUAIS,false
98_2,SEFAZ AM 22 Controlador de Arrecadação da Receita Estadual,SEFAZ AM 2... Controlador de Arrecadação da Receita Estadual,false
97_2,SEFAZ AM 22 GESTOR DE TECNOLOGIA DA INFORMAÇÃO,SEFAZ AM 2... GESTOR DE TECNOLOGIA DA INFORMAÇÃO,false
97_3,SEFAZ AM 22 TEC ADMINISTRATIVO,SEFAZ AM 2... TEC ADMINISTRATIVO,false
114_1,SEFAZ AP Auditor da Receita Estadual,SEFAZ AP Auditor da Receita Estadual,false
114_2,SEFAZ AP Fiscal da Receita Estadual,SEFAZ AP Fiscal da Receita Estadual,false
25_3,SEFAZ BA 19 AUDITOR FISCAL / ADMINISTRAÇÃO TRIBUTÁRIA,SEFAZ BA 1... AUDITOR FISCAL / ADMINISTRAÇÃO TRIBUTÁRIA,false
25_1,"SEFAZ BA 19 AUDITOR FISCAL / ADMINISTRAÇÃO, FINANÇAS E CONTROLE INTERNO","SEFAZ BA 1... AUDITOR FISCAL / ADMINISTRAÇÃO, FINANÇAS E CONTROLE INTERNO",false
25_2,SEFAZ BA 19 Auditor Fiscal Tecnologia da Informação,SEFAZ BA 1... Auditor Fiscal Tecnologia da Informação,false
95_1,SEFAZ BA 22 Agente de Tributos / Administração,SEFAZ BA 2... Agente de Tributos / Administração,false
95_3,SEFAZ BA 22 AGENTE DE TRIBUTOS / ADMINISTRAÇÃO TRIBUTÁRIA,SEFAZ BA 2... AGENTE DE TRIBUTOS / ADMINISTRAÇÃO TRIBUTÁRIA,false
95_2,SEFAZ BA 22 Agente de Tributos / Tecnologia da Informação,SEFAZ BA 2... Agente de Tributos / Tecnologia da Informação,false
2_2,SEFAZ CE Auditor Fiscal Contábil/Financeiro,SEFAZ CE Auditor Fiscal Contábil/Financeiro,false
2_1,SEFAZ CE Auditor Fiscal da Receita Estadual,SEFAZ CE Auditor Fiscal da Receita Estadual,false
2_4,SEFAZ CE Auditor Fiscal de Tecnologia da Informação,SEFAZ CE Auditor Fiscal de Tecnologia da Informação,false
2_3,SEFAZ CE Auditor Fiscal Jurídico,SEFAZ CE Auditor Fiscal Jurídico,false
7_1,SEFAZ DF Auditor Fiscal da Receita Estadual do DF,SEFAZ DF Auditor Fiscal da Receita Estadual do DF,false
4_1,SEFAZ ES Auditor Fiscal da Receita Estadual,SEFAZ ES Auditor Fiscal da Receita Estadual,false
86_2,SEFAZ ES Consultor Ciências da Computação,SEFAZ ES C... Ciências da Computação,false
86_1,SEFAZ ES Consultor CIÊNCIAS ECONÔMICAS,SEFAZ ES C... CIÊNCIAS ECONÔMICAS,false
9_1,SEFAZ GO Auditor Fiscal da Receita Estadual,SEFAZ GO Auditor Fiscal da Receita Estadual,false
10_1,SEFAZ MA Auditor Fiscal da Receita Estadual,SEFAZ MA Auditor Fiscal da Receita Estadual,false
10_2,SEFAZ MA Tec da Receita Estadual – Arrecadação e Fiscalização de Mercadorias em Trânsito,SEFAZ MA Tec da Receita Estadual – Arrecadação e Fiscalização de Mercadorias em Trânsito,false
10_3,SEFAZ MA Tec da Receita Estadual – Tecnologia da Informação,SEFAZ MA Tec da Receita Estadual – Tecnologia da Informação,false
108_1,SEFAZ MG Auditoria e Fiscalização,SEFAZ MG Auditoria e Fiscalização,false
108_3,SEFAZ MG Tecnologia da Informação,SEFAZ MG Tecnologia da Informação,false
108_2,SEFAZ MG Tributação,SEFAZ MG Tributação,false
180_1,SEFAZ MT Fiscal de Tributos Estaduais (FTE),SEFAZ MT Fiscal de Tributos Estaduais (FTE),false
145_1,SEFAZ PE Auditor Fiscal do Tesouro Estadual,SEFAZ PE Auditor Fiscal do Tesouro Estadual,false
106_2,SEFAZ PE Apoio Ana Administrativo de Ap as Atividades Fazendárias,SEFAZ PE A... Ana Administrativo de Ap as Atividades Fazendárias,false
106_1,SEFAZ PE Apoio Assistente Administrativo de Ap as Atividades Fazendárias,SEFAZ PE A... Assistente Administrativo de Ap as Atividades Fazendárias,false
614_1,SEFAZ PI 25 A 01 AG DE TRIB DA FAZ ESTADUAL ÁREA CONHEC GERAL,SEFAZ PI 2... A 01 AG DE TRIB DA FAZ ESTADUAL ÁREA CONHEC GERAL,false
614_2,SEFAZ PI 25 B 02 AG DE TRIB DA FAZ ESTADUAL ÁREA CONHEC TEC INFORM,SEFAZ PI 2... B 02 AG DE TRIB DA FAZ ESTADUAL ÁREA CONHEC TEC INFORM,false
614_3,SEFAZ PI 25 C 03 AN DO TESOURO ESTADUAL ÁREA CONHEC GERAL,SEFAZ PI 2... C 03 AN DO TESOURO ESTADUAL ÁREA CONHEC GERAL,false
614_4,SEFAZ PI 25 D 04 AN DO TESOURO ESTADUAL ÁREA CONHEC TEC DA INFORM,SEFAZ PI 2... D 04 AN DO TESOURO ESTADUAL ÁREA CONHEC TEC DA INFORM,false
614_5,SEFAZ PI 25 E 05 AUD FISC DA FAZ ESTADUAL ÁREA CONHEC GERAL,SEFAZ PI 2... E 05 AUD FISC DA FAZ ESTADUAL ÁREA CONHEC GERAL,false
614_6,SEFAZ PI 25 F 06 AUD FISC DA FAZ ESTADUAL/ÁREA CONHEC TEC DA INFORM,SEFAZ PI 2... F 06 AUD FISC DA FAZ ESTADUAL/ÁREA CONHEC TEC DA INFORM,false
614_7,SEFAZ PI 25 G 07 AUD GOVERNAMENTAL ÁREA CONHEC GERAL,SEFAZ PI 2... G 07 AUD GOVERNAMENTAL ÁREA CONHEC GERAL,false
614_8,SEFAZ PI 25 H 08 AUD GOVERNAMENTAL ÁREA CONHEC TEC DA INFORMAÇÃO,SEFAZ PI 2... H 08 AUD GOVERNAMENTAL ÁREA CONHEC TEC DA INFORMAÇÃO,false
614_9,SEFAZ PI 25 I 09 AUD GOVERNAMENTAL ÁREA CONHEC ENGENHARIA,SEFAZ PI 2... I 09 AUD GOVERNAMENTAL ÁREA CONHEC ENGENHARIA,false
567_1,SEFAZ PR Auditor Fiscal,SEFAZ PR Auditor Fiscal,false
719_1,SEFAZ PR Agente Fazendario AGENTE FAZENDÁRIO ESTADUAL – FUNÇÃO: ADMINISTRADOR,SEFAZ PR A... AGENTE FAZENDÁRIO ESTADUAL – FUNÇÃO: ADMINISTRADOR,false
719_2,SEFAZ PR Agente Fazendario AGENTE FAZENDÁRIO ESTADUAL – FUNÇÃO: ANA FAZENDÁRIO,SEFAZ PR A... AGENTE FAZENDÁRIO ESTADUAL – FUNÇÃO: ANA FAZENDÁRIO,false
719_3,SEFAZ PR Agente Fazendario AGENTE FAZENDÁRIO ESTADUAL – FUNÇÃO: CONTADOR,SEFAZ PR A... AGENTE FAZENDÁRIO ESTADUAL – FUNÇÃO: CONTADOR,false
719_4,SEFAZ PR Agente Fazendario AGENTE FAZENDÁRIO ESTADUAL – FUNÇÃO: ECONOMISTA,SEFAZ PR A... AGENTE FAZENDÁRIO ESTADUAL – FUNÇÃO: ECONOMISTA,false
719_5,SEFAZ PR Agente Fazendario AGENTE FAZENDÁRIO ESTADUAL – FUNÇÃO: ESTATÍSTICO,SEFAZ PR A... AGENTE FAZENDÁRIO ESTADUAL – FUNÇÃO: ESTATÍSTICO,false
719_6,SEFAZ PR Agente Fazendario AGENTE FAZENDÁRIO ESTADUAL – FUNÇÃO: PROFISSIONAL DE TECNOLOGIA DA INFORMAÇÃO,SEFAZ PR A... AGENTE FAZENDÁRIO ESTADUAL – FUNÇÃO: PROFISSIONAL DE TECNOLOGIA DA INFORMAÇÃO,false
569_1,SEFAZ RJ ANA EM FINANÇAS PÚBLICAS – ESP.: ADMINISTRATIVO/FINANCEIRA,SEFAZ RJ ANA EM FINANÇAS PÚBLICAS – ESP.: ADMINISTRATIVO/FINANCEIRA,false
569_2,SEFAZ RJ ANA EM FINANÇAS PÚBLICAS – ESP.: CONTÁBIL/FINANCEIRA,SEFAZ RJ ANA EM FINANÇAS PÚBLICAS – ESP.: CONTÁBIL/FINANCEIRA,false
569_3,SEFAZ RJ ANA EM FINANÇAS PÚBLICAS – ESP.: ECONÔMICO/FINANCEIRA,SEFAZ RJ ANA EM FINANÇAS PÚBLICAS – ESP.: ECONÔMICO/FINANCEIRA,false
749_1,SEFAZ RJ 2025 AUDITOR FISCAL DA RECEITA ESTADUAL,SEFAZ RJ 2... AUDITOR FISCAL DA RECEITA ESTADUAL,false
6_1,SEFAZ RR Auditor Fiscal de Tributos Estadual,SEFAZ RR Auditor Fiscal de Tributos Estadual,false
175_1,SEFAZ RR TEC DE TRIBUTOS ESTADUAIS,SEFAZ RR TEC DE TRIBUTOS ESTADUAIS,false
24_1,SEFAZ RS 17 Auditor do Estado do Rio Grande do Sul,SEFAZ RS 1... Auditor do Estado do Rio Grande do Sul,false
14_1,SEFAZ RS 18 Auditor/Fiscal da Receita Estadual,SEFAZ RS 1... Auditor/Fiscal da Receita Estadual,false
29_2,SEFAZ RS TEC 18 Tec Tributário da Receita Estadual,SEFAZ RS T... Tec Tributário da Receita Estadual,false
8_1,SEFAZ SC 18 Auditor Fiscal da Receita Estadual,SEFAZ SC 1... Auditor Fiscal da Receita Estadual,false
8_3,SEFAZ SC 18 Auditor Fiscal da Receita Estadual Gestão Tributária,SEFAZ SC 1... Auditor Fiscal da Receita Estadual Gestão Tributária,false
8_2,SEFAZ SC 18 Auditor Fiscal da Receita Estadual TI,SEFAZ SC 1... Auditor Fiscal da Receita Estadual TI,false
65_1,SEFAZ SC 21 Ana da Receita Estadual IV,SEFAZ SC 2... Ana da Receita Estadual IV,false
72_1,SEFAZ SE Auditor Tributário,SEFAZ SE Auditor Tributário,false
640_1,SEFAZ SE 25 AUDITOR FISCAL TRIBUTÁRIO – GERAL,SEFAZ SE 2... AUDITOR FISCAL TRIBUTÁRIO – GERAL,false
640_2,SEFAZ SE 25 AUDITOR FISCAL TRIBUTÁRIO – TECNOLOGIA DA INFORMAÇÃO,SEFAZ SE 2... AUDITOR FISCAL TRIBUTÁRIO – TECNOLOGIA DA INFORMAÇÃO,false
640_3,SEFAZ SE 25 AUDITOR FISCAL TRIBUTÁRIO – TRIBUTAÇÃO,SEFAZ SE 2... AUDITOR FISCAL TRIBUTÁRIO – TRIBUTAÇÃO,false
648_1,SEFAZ SP 13 AGENTE FISCAL DE RENDAS GESTÃO TRIBUTÁRIA,SEFAZ SP 1... AGENTE FISCAL DE RENDAS GESTÃO TRIBUTÁRIA,false
648_2,SEFAZ SP 13 AGENTE FISCAL DE RENDAS TECNOLOGIA DA INFORMAÇÃO,SEFAZ SP 1... AGENTE FISCAL DE RENDAS TECNOLOGIA DA INFORMAÇÃO,false
730_1,SEFAZ SP 2025 A AUD FISCAL REC ESTADUAL GESTÃO TRIBUTÁRIA,SEFAZ SP 2... A AUD FISCAL REC ESTADUAL GESTÃO TRIBUTÁRIA,false
730_2,SEFAZ SP 2025 B AUD FISCAL REC ESTADUAL TI E COMUNICAÇÃO,SEFAZ SP 2... B AUD FISCAL REC ESTADUAL TI E COMUNICAÇÃO,false
11_1,SEFIN RO Auditor Fiscal de Tributos Estaduais,SEFIN RO Auditor Fiscal de Tributos Estaduais,false
11_3,SEFIN RO Contador,SEFIN RO Contador,false
11_2,SEFIN RO Tec Tributário,SEFIN RO Tec Tributário,false